-- phpMyAdmin SQL Dump
-- version 4.7.0
-- https://www.phpmyadmin.net/
--
-- Host: localhost
-- Generation Time: Jan 22, 2018 at 08:06 AM
-- Server version: 10.1.21-MariaDB
-- PHP Version: 5.6.30

SET SQL_MODE = "NO_AUTO_VALUE_ON_ZERO";
SET AUTOCOMMIT = 0;
START TRANSACTION;
SET time_zone = "+00:00";


/*!40101 SET @OLD_CHARACTER_SET_CLIENT=@@CHARACTER_SET_CLIENT */;
/*!40101 SET @OLD_CHARACTER_SET_RESULTS=@@CHARACTER_SET_RESULTS */;
/*!40101 SET @OLD_COLLATION_CONNECTION=@@COLLATION_CONNECTION */;
/*!40101 SET NAMES utf8mb4 */;

--
-- Database: `db_surat`
--

-- --------------------------------------------------------

--
-- Table structure for table `disposisi`
--

CREATE TABLE `disposisi` (
  `id_disposisi` int(11) NOT NULL,
  `id_surat` int(11) NOT NULL,
  `id_pegawai_pengirim` int(11) NOT NULL,
  `id_pegawai_penerima` int(11) NOT NULL,
  `tgl_disposisi` timestamp NOT NULL DEFAULT CURRENT_TIMESTAMP,
  `keterangan` text NOT NULL
) ENGINE=InnoDB DEFAULT CHARSET=latin1;

--
-- Dumping data for table `disposisi`
--

INSERT INTO `disposisi` (`id_disposisi`, `id_surat`, `id_pegawai_pengirim`, `id_pegawai_penerima`, `tgl_disposisi`, `keterangan`) VALUES
(1, 1, 1, 2, '2018-01-16 05:04:32', 'Tolong bentuk tim pengembangan kurikulum'),
(2, 1, 2, 3, '2018-01-17 05:04:32', 'Tolong yaaa'),
(3, 1, 3, 4, '2018-01-17 05:04:32', 'Tolong yaaa123'),
(6, 3, 4, 5, '2018-01-17 02:58:43', 'daasasasasasas'),
(9, 4, 2, 3, '2018-01-17 03:55:34', 'dari sekretari2'),
(10, 4, 3, 4, '2018-01-17 04:02:17', 'forward ke asep dari manager marketing (suparno)'),
(11, 1, 4, 5, '2018-01-17 04:25:35', 'ini untuk pegawai (ida)');

-- --------------------------------------------------------

--
-- Table structure for table `jabatan`
--

CREATE TABLE `jabatan` (
  `id_jabatan` int(11) NOT NULL,
  `nama_jabatan` varchar(100) NOT NULL,
  `level` int(11) NOT NULL
) ENGINE=InnoDB DEFAULT CHARSET=latin1;

--
-- Dumping data for table `jabatan`
--

INSERT INTO `jabatan` (`id_jabatan`, `nama_jabatan`, `level`) VALUES
(1, 'Sekretaris', 1),
(2, 'Manager Marketing', 2),
(3, 'Supervisor', 3),
(4, 'Pegawai', 4);

-- --------------------------------------------------------

--
-- Table structure for table `pegawai`
--

CREATE TABLE `pegawai` (
  `id_pegawai` int(11) NOT NULL,
  `nik` int(11) NOT NULL,
  `nama` varchar(200) NOT NULL,
  `id_jabatan` int(11) NOT NULL,
  `password` text NOT NULL
) ENGINE=InnoDB DEFAULT CHARSET=latin1;

--
-- Dumping data for table `pegawai`
--

INSERT INTO `pegawai` (`id_pegawai`, `nik`, `nama`, `id_jabatan`, `password`) VALUES
(2, 16940014, 'Saya Sekretaris', 1, '21232f297a57a5a743894a0e4a801fc3'),
(3, 16940015, 'Saya Marketing', 2, '21232f297a57a5a743894a0e4a801fc3'),
(4, 16940016, 'Saya Supervisor', 3, '21232f297a57a5a743894a0e4a801fc3'),
(5, 16940017, 'Saya Pegawai', 4, '21232f297a57a5a743894a0e4a801fc3');

-- --------------------------------------------------------

--
-- Table structure for table `surat_masuk`
--

CREATE TABLE `surat_masuk` (
  `id_surat` int(11) NOT NULL,
  `nomor_surat` varchar(100) NOT NULL,
  `tgl_kirim` date NOT NULL,
  `tgl_terima` date NOT NULL,
  `pengirim` varchar(200) NOT NULL,
  `penerima` varchar(200) NOT NULL,
  `perihal` varchar(100) NOT NULL,
  `file_surat` text NOT NULL,
  `status` enum('proses','selesai') NOT NULL
) ENGINE=InnoDB DEFAULT CHARSET=latin1;

--
-- Dumping data for table `surat_masuk`
--

INSERT INTO `surat_masuk` (`id_surat`, `nomor_surat`, `tgl_kirim`, `tgl_terima`, `pengirim`, `penerima`, `perihal`, `file_surat`, `status`) VALUES
(1, 'SMKTELKOM/10/10/2017', '2018-01-01', '2018-01-28', 'Inagata, Inc.', 'Kepala SMK Telkom Malang', 'Kerjasama123', '1sistem-bilangan-dhbo7.pdf', 'proses'),
(3, 'NNNNNNNNNN/1234/as', '2018-01-17', '2018-01-18', 'asasasasas', 'hjhjhjhjhj', 'asasasasasas', '1sistem-bilangan-dhbo.pdf', 'proses'),
(4, 'MMMMMMM?2018/12/13', '2018-01-14', '2018-01-17', 'Kepala SMK Telkom Malang', 'HRD Telkom', 'Permohonan PSG', '246527261-Bank-Soal-Un-Teori-Produktif-Rpl.pdf', 'proses');

--
-- Indexes for dumped tables
--

--
-- Indexes for table `disposisi`
--
ALTER TABLE `disposisi`
  ADD PRIMARY KEY (`id_disposisi`),
  ADD KEY `id_disposisi` (`id_disposisi`),
  ADD KEY `id_surat` (`id_surat`),
  ADD KEY `id_jabatan` (`id_pegawai_penerima`);

--
-- Indexes for table `jabatan`
--
ALTER TABLE `jabatan`
  ADD PRIMARY KEY (`id_jabatan`),
  ADD KEY `id_jabatan` (`id_jabatan`);

--
-- Indexes for table `pegawai`
--
ALTER TABLE `pegawai`
  ADD PRIMARY KEY (`id_pegawai`),
  ADD KEY `id_pegawai` (`id_pegawai`),
  ADD KEY `id_jabatan` (`id_jabatan`);

--
-- Indexes for table `surat_masuk`
--
ALTER TABLE `surat_masuk`
  ADD PRIMARY KEY (`id_surat`),
  ADD KEY `id_surat` (`id_surat`);

--
-- AUTO_INCREMENT for dumped tables
--

--
-- AUTO_INCREMENT for table `disposisi`
--
ALTER TABLE `disposisi`
  MODIFY `id_disposisi` int(11) NOT NULL AUTO_INCREMENT, AUTO_INCREMENT=12;
--
-- AUTO_INCREMENT for table `jabatan`
--
ALTER TABLE `jabatan`
  MODIFY `id_jabatan` int(11) NOT NULL AUTO_INCREMENT, AUTO_INCREMENT=5;
--
-- AUTO_INCREMENT for table `pegawai`
--
ALTER TABLE `pegawai`
  MODIFY `id_pegawai` int(11) NOT NULL AUTO_INCREMENT, AUTO_INCREMENT=6;
--
-- AUTO_INCREMENT for table `surat_masuk`
--
ALTER TABLE `surat_masuk`
  MODIFY `id_surat` int(11) NOT NULL AUTO_INCREMENT, AUTO_INCREMENT=5;
--
-- Constraints for dumped tables
--

--
-- Constraints for table `disposisi`
--
ALTER TABLE `disposisi`
  ADD CONSTRAINT `disposisi_ibfk_2` FOREIGN KEY (`id_pegawai_penerima`) REFERENCES `pegawai` (`id_pegawai`),
  ADD CONSTRAINT `disposisi_ibfk_3` FOREIGN KEY (`id_surat`) REFERENCES `surat_masuk` (`id_surat`) ON DELETE CASCADE ON UPDATE CASCADE;

--
-- Constraints for table `pegawai`
--
ALTER TABLE `pegawai`
  ADD CONSTRAINT `pegawai_ibfk_1` FOREIGN KEY (`id_jabatan`) REFERENCES `jabatan` (`id_jabatan`) ON DELETE CASCADE ON UPDATE CASCADE;
COMMIT;

/*!40101 SET CHARACTER_SET_CLIENT=@OLD_CHARACTER_SET_CLIENT */;
/*!40101 SET CHARACTER_SET_RESULTS=@OLD_CHARACTER_SET_RESULTS */;
/*!40101 SET COLLATION_CONNECTION=@OLD_COLLATION_CONNECTION */;
